<?xml version="1.0" encoding="UTF-8" standalone="yes"?>
<addon id="service.smycky" name="NR - Reklamni smycka" version="2.2.1" provider-name="NoReason s.r.o.">
    <requires>
        <import addon="xbmc.python" version="3.0.0"/>
        <import addon="service.dohled" version="2.4.0"/>
    </requires>
    <extension point="xbmc.service" library="autoexec.py">
    </extension>
    <extension point="xbmc.addon.metadata">
        <summary lang="cs_CZ">Reklamní smyčka</summary>
        <description lang="cs_CZ">Služba pro aktualizaci reklamní smyčky</description>
        <platform>all</platform>
        <assets>
            <icon>icon.png</icon>
        </assets>
        <license>GNU GENERAL PUBLIC LICENSE Version 2</license>
    </extension>
</addon>
