<?xml version="1.0" encoding="UTF-8" standalone="yes"?>
<addon id="service.dohled" name="NR - Dohled" version="3.2.0" provider-name="NoReason s.r.o.">
    <requires>
        <import addon="xbmc.python" version="3.0.0"/>
    </requires>
    <extension point="xbmc.service" library="service.py" start="startup" />
    <extension point="xbmc.addon.metadata">
        <summary lang="cs_CZ">Kompletní dohled a přehrávání smyček</summary>
        <description lang="cs_CZ">Služba pro monitoring, přehrávání a správu reklamních smyček. Nahrazuje service.smycky.</description>
        <platform>all</platform>
        <assets>
            <icon>icon.png</icon>
        </assets>
        <license>GNU GENERAL PUBLIC LICENSE Version 2</license>
    </extension>
</addon>